{
	"credit": "Made with Blockbench",
	"textures": {
		"0": "item/lock",
		"particle": "item/lock"
	},
	"elements": [
		{
			"name": "north_extrude",
			"from": [13, 1, 6],
			"to": [14, 10, 10],
			"rotation": {"angle": 0, "axis": "y", "origin": [8, 0, 8]},
			"faces": {
				"north": {"uv": [2, 6, 3, 15], "texture": "#0"},
				"east": {"uv": [13, 6, 14, 15], "texture": "#0"},
				"south": {"uv": [13, 6, 14, 15], "texture": "#0"},
				"west": {"uv": [13, 6, 14, 15], "texture": "#0"},
				"up": {"uv": [9, 5, 13, 6], "rotation": 270, "texture": "#0"},
				"down": {"uv": [9, 5, 13, 6], "rotation": 90, "texture": "#0"}
			}
		},
		{
			"name": "south_extrude",
			"from": [2, 1, 6],
			"to": [3, 10, 10],
			"rotation": {"angle": 0, "axis": "y", "origin": [8, 0, 8]},
			"faces": {
				"north": {"uv": [13, 6, 14, 15], "texture": "#0"},
				"east": {"uv": [0, 0, 4, 9], "texture": "#missing"},
				"south": {"uv": [2, 6, 3, 15], "texture": "#0"},
				"west": {"uv": [13, 6, 14, 15], "texture": "#0"},
				"up": {"uv": [9, 5, 13, 6], "rotation": 90, "texture": "#0"},
				"down": {"uv": [9, 5, 13, 6], "rotation": 270, "texture": "#0"}
			}
		},
		{
			"name": "center",
			"from": [3, 0, 6],
			"to": [13, 11, 10],
			"rotation": {"angle": 0, "axis": "y", "origin": [8, 0, 8]},
			"faces": {
				"north": {"uv": [3, 6, 13, 16], "texture": "#0"},
				"east": {"uv": [13, 6, 14, 15], "texture": "#0"},
				"south": {"uv": [3, 5, 13, 16], "texture": "#0"},
				"west": {"uv": [2, 6, 3, 15], "texture": "#0"},
				"up": {"uv": [3, 5, 13, 6], "texture": "#0"},
				"down": {"uv": [3, 15, 13, 16], "rotation": 270, "texture": "#0"}
			}
		},
		{
			"from": [4, 9.01, 7],
			"to": [6, 11.01, 9],
			"faces": {
				"north": {"uv": [7, 9, 8, 10], "texture": "#0"},
				"east": {"uv": [7, 9, 9, 11], "texture": "#0"},
				"south": {"uv": [7, 9, 9, 11], "texture": "#0"},
				"west": {"uv": [7, 9, 9, 11], "texture": "#0"},
				"up": {"uv": [7, 9, 9, 10], "texture": "#0"},
				"down": {"uv": [7, 9, 9, 11], "texture": "#0"}
			}
		},
		{
			"name": "bridge",
			"from": [5, 14, 7.01],
			"to": [11, 16, 8.99],
			"rotation": {"angle": 0, "axis": "y", "origin": [8, 0, 8]},
			"faces": {
				"north": {"uv": [11, 0, 5, 2], "texture": "#0"},
				"east": {"uv": [10, 0, 10.98, 1], "texture": "#0"},
				"south": {"uv": [5, 0, 11, 2], "texture": "#0"},
				"west": {"uv": [5, 0, 5.98, 1], "texture": "#0"},
				"up": {"uv": [5, 0, 10.98, 1], "texture": "#0"},
				"down": {"uv": [0, 0, 1.98, 6], "rotation": 270, "texture": "#missing"}
			}
		},
		{
			"name": "south_pillar",
			"from": [4, 13, 7],
			"to": [6, 14, 9],
			"rotation": {"angle": 0, "axis": "y", "origin": [8, 0, 8]},
			"faces": {
				"north": {"uv": [10, 1, 12, 2], "texture": "#0"},
				"east": {"uv": [10, 1, 11, 5], "texture": "#0"},
				"south": {"uv": [4, 1, 6, 5], "texture": "#0"},
				"west": {"uv": [11, 1, 12, 5], "texture": "#0"},
				"up": {"uv": [10, 1, 12, 2], "rotation": 90, "texture": "#0"},
				"down": {"uv": [0, 0, 2, 2], "rotation": 270, "texture": "#missing"}
			}
		},
		{
			"name": "north_pillar",
			"from": [10, 11, 7],
			"to": [12, 15, 9],
			"rotation": {"angle": 0, "axis": "y", "origin": [8, 0, 8]},
			"faces": {
				"north": {"uv": [4, 1, 6, 5], "texture": "#0"},
				"east": {"uv": [5, 1, 6, 5], "texture": "#0"},
				"south": {"uv": [4, 1, 6, 5], "texture": "#0"},
				"west": {"uv": [5, 1, 6, 5], "texture": "#0"},
				"up": {"uv": [4, 1, 6, 2], "rotation": 90, "texture": "#0"},
				"down": {"uv": [0, 0, 2, 2], "rotation": 270, "texture": "#missing"}
			}
		},
		{
			"name": "center",
			"from": [3, 1, 9],
			"to": [6, 10, 11],
			"rotation": {"angle": 0, "axis": "y", "origin": [8, 0, 8]},
			"faces": {
				"north": {"uv": [3, 6, 6, 15], "texture": "#0"},
				"east": {"uv": [5, 6, 6, 15], "texture": "#0"},
				"south": {"uv": [3, 6, 6, 15], "texture": "#0"},
				"west": {"uv": [3, 6, 4, 15], "texture": "#0"},
				"up": {"uv": [3, 6, 6, 7], "texture": "#0"},
				"down": {"uv": [3, 15, 6, 14], "rotation": 270, "texture": "#0"}
			}
		},
		{
			"name": "center",
			"from": [10, 1, 9],
			"to": [13, 10, 11],
			"rotation": {"angle": 0, "axis": "y", "origin": [8, 0, 8]},
			"faces": {
				"north": {"uv": [10, 6, 13, 15], "texture": "#0"},
				"east": {"uv": [12, 6, 13, 15], "texture": "#0"},
				"south": {"uv": [10, 6, 13, 15], "texture": "#0"},
				"west": {"uv": [10, 6, 11, 15], "texture": "#0"},
				"up": {"uv": [10, 6, 13, 7], "texture": "#0"},
				"down": {"uv": [10, 14, 13, 15], "rotation": 270, "texture": "#0"}
			}
		},
		{
			"name": "center",
			"from": [6, 1, 9],
			"to": [7, 5, 11],
			"rotation": {"angle": 0, "axis": "y", "origin": [8, 0, 8]},
			"faces": {
				"north": {"uv": [6, 11, 7, 15], "texture": "#0"},
				"east": {"uv": [6, 11, 7, 15], "texture": "#0"},
				"south": {"uv": [6, 11, 7, 15], "texture": "#0"},
				"west": {"uv": [6, 11, 7, 15], "texture": "#0"},
				"up": {"uv": [6, 11, 7, 12], "texture": "#0"},
				"down": {"uv": [6, 14, 7, 15], "rotation": 270, "texture": "#0"}
			}
		},
		{
			"name": "center",
			"from": [6, 7, 9],
			"to": [7, 10, 11],
			"rotation": {"angle": 0, "axis": "y", "origin": [8, 0, 8]},
			"faces": {
				"north": {"uv": [6, 6, 7, 9], "texture": "#0"},
				"east": {"uv": [6, 6, 7, 9], "texture": "#0"},
				"south": {"uv": [6, 6, 7, 9], "texture": "#0"},
				"west": {"uv": [6, 6, 7, 9], "texture": "#0"},
				"up": {"uv": [6, 6, 7, 7], "texture": "#0"},
				"down": {"uv": [6, 9, 7, 8], "rotation": 270, "texture": "#0"}
			}
		},
		{
			"name": "center",
			"from": [7, 8, 9],
			"to": [9, 10, 11],
			"rotation": {"angle": 0, "axis": "y", "origin": [8, 0, 8]},
			"faces": {
				"north": {"uv": [7, 6, 9, 8], "texture": "#0"},
				"east": {"uv": [8, 6, 9, 8], "texture": "#0"},
				"south": {"uv": [7, 6, 9, 8], "texture": "#0"},
				"west": {"uv": [7, 6, 8, 8], "texture": "#0"},
				"up": {"uv": [7, 6, 9, 7], "texture": "#0"},
				"down": {"uv": [7, 8, 9, 7], "rotation": 270, "texture": "#0"}
			}
		},
		{
			"name": "center",
			"from": [7, 1, 9],
			"to": [9, 3, 11],
			"rotation": {"angle": 0, "axis": "y", "origin": [8, 0, 8]},
			"faces": {
				"north": {"uv": [7, 13, 9, 15], "texture": "#0"},
				"east": {"uv": [8, 13, 9, 15], "texture": "#0"},
				"south": {"uv": [7, 13, 9, 15], "texture": "#0"},
				"west": {"uv": [7, 13, 8, 15], "texture": "#0"},
				"up": {"uv": [7, 13, 9, 14], "texture": "#0"},
				"down": {"uv": [7, 15, 9, 14], "rotation": 270, "texture": "#0"}
			}
		},
		{
			"name": "center",
			"from": [9, 7, 9],
			"to": [10, 10, 11],
			"rotation": {"angle": 0, "axis": "y", "origin": [8, 0, 8]},
			"faces": {
				"north": {"uv": [9, 6, 10, 9], "texture": "#0"},
				"east": {"uv": [9, 6, 10, 9], "texture": "#0"},
				"south": {"uv": [9, 6, 10, 9], "texture": "#0"},
				"west": {"uv": [9, 6, 10, 9], "texture": "#0"},
				"up": {"uv": [9, 6, 10, 7], "texture": "#0"},
				"down": {"uv": [9, 9, 10, 8], "rotation": 270, "texture": "#0"}
			}
		},
		{
			"name": "center",
			"from": [9, 1, 9],
			"to": [10, 5, 11],
			"rotation": {"angle": 0, "axis": "y", "origin": [8, 0, 8]},
			"faces": {
				"north": {"uv": [6, 6, 7, 9], "texture": "#0"},
				"east": {"uv": [6, 6, 7, 9], "texture": "#0"},
				"south": {"uv": [6, 6, 7, 9], "texture": "#0"},
				"west": {"uv": [6, 6, 7, 9], "texture": "#0"},
				"up": {"uv": [6, 6, 7, 7], "texture": "#0"},
				"down": {"uv": [6, 9, 7, 8], "rotation": 270, "texture": "#0"}
			}
		},
		{
			"name": "center",
			"from": [10, 1, 5],
			"to": [13, 10, 7],
			"rotation": {"angle": 0, "axis": "y", "origin": [8, 0, 8]},
			"faces": {
				"north": {"uv": [3, 6, 6, 15], "texture": "#0"},
				"east": {"uv": [3, 6, 4, 15], "texture": "#0"},
				"south": {"uv": [3, 6, 6, 15], "texture": "#0"},
				"west": {"uv": [5, 6, 6, 15], "texture": "#0"},
				"up": {"uv": [3, 6, 6, 7], "rotation": 180, "texture": "#0"},
				"down": {"uv": [3, 15, 6, 14], "rotation": 90, "texture": "#0"}
			}
		},
		{
			"name": "center",
			"from": [3, 1, 5],
			"to": [6, 10, 7],
			"rotation": {"angle": 0, "axis": "y", "origin": [8, 0, 8]},
			"faces": {
				"north": {"uv": [10, 6, 13, 15], "texture": "#0"},
				"east": {"uv": [10, 6, 11, 15], "texture": "#0"},
				"south": {"uv": [10, 6, 13, 15], "texture": "#0"},
				"west": {"uv": [12, 6, 13, 15], "texture": "#0"},
				"up": {"uv": [10, 6, 13, 7], "rotation": 180, "texture": "#0"},
				"down": {"uv": [10, 14, 13, 15], "rotation": 90, "texture": "#0"}
			}
		},
		{
			"name": "center",
			"from": [9, 1, 5],
			"to": [10, 5, 7],
			"rotation": {"angle": 0, "axis": "y", "origin": [8, 0, 8]},
			"faces": {
				"north": {"uv": [6, 11, 7, 15], "texture": "#0"},
				"east": {"uv": [6, 11, 7, 15], "texture": "#0"},
				"south": {"uv": [6, 11, 7, 15], "texture": "#0"},
				"west": {"uv": [6, 11, 7, 15], "texture": "#0"},
				"up": {"uv": [6, 11, 7, 12], "rotation": 180, "texture": "#0"},
				"down": {"uv": [6, 14, 7, 15], "rotation": 90, "texture": "#0"}
			}
		},
		{
			"name": "center",
			"from": [9, 7, 5],
			"to": [10, 10, 7],
			"rotation": {"angle": 0, "axis": "y", "origin": [8, 0, 8]},
			"faces": {
				"north": {"uv": [6, 6, 7, 9], "texture": "#0"},
				"east": {"uv": [6, 6, 7, 9], "texture": "#0"},
				"south": {"uv": [6, 6, 7, 9], "texture": "#0"},
				"west": {"uv": [6, 6, 7, 9], "texture": "#0"},
				"up": {"uv": [6, 6, 7, 7], "rotation": 180, "texture": "#0"},
				"down": {"uv": [6, 9, 7, 8], "rotation": 90, "texture": "#0"}
			}
		},
		{
			"name": "center",
			"from": [7, 8, 5],
			"to": [9, 10, 7],
			"rotation": {"angle": 0, "axis": "y", "origin": [8, 0, 8]},
			"faces": {
				"north": {"uv": [7, 6, 9, 8], "texture": "#0"},
				"east": {"uv": [7, 6, 8, 8], "texture": "#0"},
				"south": {"uv": [7, 6, 9, 8], "texture": "#0"},
				"west": {"uv": [8, 6, 9, 8], "texture": "#0"},
				"up": {"uv": [7, 6, 9, 7], "rotation": 180, "texture": "#0"},
				"down": {"uv": [7, 8, 9, 7], "rotation": 90, "texture": "#0"}
			}
		},
		{
			"name": "center",
			"from": [7, 1, 5],
			"to": [9, 3, 7],
			"rotation": {"angle": 0, "axis": "y", "origin": [8, 0, 8]},
			"faces": {
				"north": {"uv": [7, 13, 9, 15], "texture": "#0"},
				"east": {"uv": [7, 13, 8, 15], "texture": "#0"},
				"south": {"uv": [7, 13, 9, 15], "texture": "#0"},
				"west": {"uv": [8, 13, 9, 15], "texture": "#0"},
				"up": {"uv": [7, 13, 9, 14], "rotation": 180, "texture": "#0"},
				"down": {"uv": [7, 15, 9, 14], "rotation": 90, "texture": "#0"}
			}
		},
		{
			"name": "center",
			"from": [6, 7, 5],
			"to": [7, 10, 7],
			"rotation": {"angle": 0, "axis": "y", "origin": [8, 0, 8]},
			"faces": {
				"north": {"uv": [9, 6, 10, 9], "texture": "#0"},
				"east": {"uv": [9, 6, 10, 9], "texture": "#0"},
				"south": {"uv": [9, 6, 10, 9], "texture": "#0"},
				"west": {"uv": [9, 6, 10, 9], "texture": "#0"},
				"up": {"uv": [9, 6, 10, 7], "rotation": 180, "texture": "#0"},
				"down": {"uv": [9, 9, 10, 8], "rotation": 90, "texture": "#0"}
			}
		},
		{
			"name": "center",
			"from": [6, 1, 5],
			"to": [7, 5, 7],
			"rotation": {"angle": 0, "axis": "y", "origin": [8, 0, 8]},
			"faces": {
				"north": {"uv": [6, 6, 7, 9], "texture": "#0"},
				"east": {"uv": [6, 6, 7, 9], "texture": "#0"},
				"south": {"uv": [6, 6, 7, 9], "texture": "#0"},
				"west": {"uv": [6, 6, 7, 9], "texture": "#0"},
				"up": {"uv": [6, 6, 7, 7], "rotation": 180, "texture": "#0"},
				"down": {"uv": [6, 9, 7, 8], "rotation": 90, "texture": "#0"}
			}
		}
	],
	"display": {
		"thirdperson_righthand": {
			"rotation": [70, 0, 0],
			"translation": [0, -1, -3.5],
			"scale": [0.5, 0.5, 0.5]
		},
		"ground": {
			"scale": [0.5, 0.5, 0.5]
		},
		"gui": {
			"translation": [0.25, 0, 0]
		}
	},
	"groups": [
		{
			"name": "base",
			"origin": [0, 0, 0],
			"color": 0,
			"children": [0, 1, 2, 3]
		},
		{
			"name": "top",
			"origin": [8, 8, 8],
			"color": 0,
			"children": [4, 5, 6]
		},
		{
			"name": "center",
			"origin": [8, 8, 8],
			"color": 0,
			"children": [7, 8, 9, 10, 11, 12, 13, 14]
		},
		{
			"name": "center",
			"origin": [8, 8, 8],
			"color": 0,
			"children": [15, 16, 17, 18, 19, 20, 21, 22]
		}
	]
}